{
  "loss": [
    0.37346288404115013,
    0.12843559209492836,
    0.08489235989504902,
    0.0653195178015852,
    0.03527067699718683,
    0.030240372059688672,
    0.051376766823096325,
    0.02903652641698839,
    0.032338646938420555,
    0.012962028158411068,
    0.017381906728003615,
    0.014664397381781562,
    0.018305840657275273,
    0.01491171862859116,
    0.016140290992534487,
    0.01758552716001174,
    0.012564367950913561,
    0.023018638110822262,
    0.01947733279256485,
    0.01174505942228863,
    0.011854721430909473,
    0.012677934215776924,
    0.012232478802934639,
    0.010141230894575677,
    0.010161767883688163,
    0.011397582439141955,
    0.011027010878196327,
    0.012730790369214137,
    0.009477204953869759,
    0.010423052202188674
  ],
  "acc": [
    0.8828200972447325,
    0.9575364667747164,
    0.9701782820097244,
    0.9805510534846029,
    0.9912479740680713,
    0.9923824959481361,
    0.9875202593192869,
    0.993517017828201,
    0.9912479740680713,
    0.9977309562398703,
    0.9962722852512156,
    0.9965964343598055,
    0.9959481361426256,
    0.9974068071312804,
    0.9957860615883306,
    0.9967585089141004,
    0.9975688816855753,
    0.9943273905996759,
    0.9959481361426256,
    0.9982171799027553,
    0.9972447325769854,
    0.9975688816855753,
    0.9977309562398703,
    0.9978930307941654,
    0.9982171799027553,
    0.9975688816855753,
    0.9978930307941654,
    0.9975688816855753,
    0.9982171799027553,
    0.9982171799027553
  ],
  "val_loss": [
    0.4705494254943033,
    0.5556306775598028,
    0.4154688310207789,
    0.42153419521976804,
    0.5956522047819721,
    0.4628134523275849,
    0.5085298164488994,
    0.44993304538134754,
    0.41971502269993355,
    0.5454558527369119,
    0.462208164901676,
    0.4307388909508063,
    0.34758750043054976,
    0.3584282875667582,
    0.45857012911856737,
    0.4077164333056494,
    0.3712381888260444,
    0.4052773221063751,
    0.4042620757404327,
    0.4454839477459166,
    0.4464626120849209,
    0.5018896306330107,
    0.35283059759284574,
    0.39951008696510915,
    0.41051310896262483,
    0.34408616381058593,
    0.35705965845394094,
    0.33432372407269145,
    0.3340439813927639,
    0.36692268053704163
  ],
  "val_acc": [
    0.9753787878787878,
    0.8920454545454546,
    0.9791666666666666,
    0.9791666666666666,
    0.9621212121212122,
    0.9791666666666666,
    0.9791666666666666,
    0.9791666666666666,
    0.9791666666666666,
    0.9791666666666666,
    0.9791666666666666,
    0.9791666666666666,
    0.9791666666666666,
    0.9791666666666666,
    0.9791666666666666,
    0.9791666666666666,
    0.9791666666666666,
    0.9791666666666666,
    0.9791666666666666,
    0.9791666666666666,
    0.9791666666666666,
    0.9791666666666666,
    0.9791666666666666,
    0.9791666666666666,
    0.9791666666666666,
    0.9791666666666666,
    0.9791666666666666,
    0.9791666666666666,
    0.9791666666666666,
    0.9791666666666666
  ]
}