{
  "loss": [
    0.9076757397218886,
    0.3068589348364108,
    0.26001995956491997,
    0.2208069189054653,
    0.25583780517068055,
    0.245552784788937,
    0.2202377379954924,
    0.2523542836767348,
    0.13665494984513937,
    0.13536425627997475,
    0.13338808582513026,
    0.13207346510075674,
    0.13170223809911522,
    0.17737468473335527,
    0.13182473764717095,
    0.11724417705565836,
    0.12279184645636541,
    0.11322731762593144,
    0.16058868247067715,
    0.172982687260382,
    0.0961125421140047,
    0.10162688286996158,
    0.09316781012271946,
    0.08139794821604918,
    0.0782701815123786,
    0.08009276079010925,
    0.09588193109732973,
    0.09086836319616007,
    0.07171981989419635,
    0.06526455275617793
  ],
  "acc": [
    0.7042139384116693,
    0.9124797406807131,
    0.9100486223662885,
    0.9367909238249594,
    0.9141004862236629,
    0.9246353322528363,
    0.9278768233387358,
    0.9157212317666127,
    0.9594813614262561,
    0.9627228525121556,
    0.9570502431118314,
    0.953808752025932,
    0.9554294975688817,
    0.9408427876823339,
    0.9546191247974068,
    0.9586709886547812,
    0.9611021069692058,
    0.9611021069692058,
    0.9521880064829822,
    0.9384116693679092,
    0.9683954619124797,
    0.9651539708265803,
    0.9724473257698542,
    0.9724473257698542,
    0.9724473257698542,
    0.973257698541329,
    0.9692058346839546,
    0.9635332252836305,
    0.9773095623987034,
    0.9781199351701783
  ],
  "val_loss": [
    1.2049050530926748,
    0.6306631909260019,
    0.6401438616687135,
    0.7014777996915985,
    1.8294460153821008,
    1.3111418847657852,
    0.6816313433668476,
    0.702302415450421,
    0.618628801583823,
    0.7957745708636415,
    0.7831136579810515,
    0.8109216690082494,
    0.7251734108078077,
    0.8004421384027933,
    0.5652873310808156,
    0.6902358989851171,
    0.7214969530754333,
    0.7895204256091152,
    1.159327316039487,
    0.765392859593152,
    0.7408355321453697,
    0.7298972092549693,
    0.7404089292844716,
    0.7128448608442947,
    0.7169743478131171,
    0.7750762994140435,
    0.7688833923617274,
    0.7656110319895478,
    0.8108927484878828,
    0.8350692004464209
  ],
  "val_acc": [
    0.7215909090909091,
    0.875,
    0.9772727272727273,
    0.9412878787878788,
    0.7007575757575758,
    0.8503787878787878,
    0.9261363636363636,
    0.9791666666666666,
    0.9791666666666666,
    0.9791666666666666,
    0.9791666666666666,
    0.9791666666666666,
    0.9791666666666666,
    0.9791666666666666,
    0.9791666666666666,
    0.9564393939393939,
    0.9791666666666666,
    0.9791666666666666,
    0.9507575757575758,
    0.9791666666666666,
    0.9791666666666666,
    0.9791666666666666,
    0.9564393939393939,
    0.9791666666666666,
    0.9791666666666666,
    0.9678030303030303,
    0.9791666666666666,
    0.9791666666666666,
    0.9791666666666666,
    0.9791666666666666
  ]
}